{
    "ambient": 1.0,
    "camera": {
        "position": [
            -0.545381486415863,
            1.1585288047790527,
            2.7792413234710693
        ],
        "target": [
            -0.1192353367805481,
            0.7887814044952393,
            1.9535983800888062
        ]
    },
    "light": [
        3.0,
        3.0,
        3.0
    ],
    "objects": [
        {
            "position": [
                0.10000000149011612,
                -0.10000000149011612,
                0.0
            ],
            "rotation": [
                0.0,
                -0.30000001192092896,
                0.0
            ],
            "shape": 1,
            "size": 1.0
        },
        {
            "position": [
                1.2999999523162842,
                0.0,
                0.0
            ],
            "rotation": [
                0.0,
                3.5,
                0.0
            ],
            "shape": 4,
            "size": 1.0
        }
    ]
}